{
  "Configuration №1 HTTP Request" : {
    "transaction" : "Configuration №1 HTTP Request",
    "sampleCount" : 120,
    "errorCount" : 3,
    "errorPct" : 2.5,
    "meanResTime" : 773.6333333333332,
    "medianResTime" : 760.0,
    "minResTime" : 715.0,
    "maxResTime" : 913.0,
    "pct1ResTime" : 840.5,
    "pct2ResTime" : 856.95,
    "pct3ResTime" : 908.1699999999998,
    "throughput" : 1.1145269297569402,
    "receivedKBytesPerSec" : 0.25142160231821603,
    "sentKBytesPerSec" : 0.1719680223648404
  },
  "Total" : {
    "transaction" : "Total",
    "sampleCount" : 360,
    "errorCount" : 3,
    "errorPct" : 0.8333333,
    "meanResTime" : 584.3638888888889,
    "medianResTime" : 560.5,
    "minResTime" : 317.0,
    "maxResTime" : 913.0,
    "pct1ResTime" : 783.9000000000001,
    "pct2ResTime" : 822.95,
    "pct3ResTime" : 871.1199999999999,
    "throughput" : 3.3435807892708205,
    "receivedKBytesPerSec" : 0.754264806954648,
    "sentKBytesPerSec" : 0.5159040670945212
  },
  "Configuration №3 HTTP Request" : {
    "transaction" : "Configuration №3 HTTP Request",
    "sampleCount" : 120,
    "errorCount" : 0,
    "errorPct" : 0.0,
    "meanResTime" : 406.3083333333333,
    "medianResTime" : 387.5,
    "minResTime" : 317.0,
    "maxResTime" : 628.0,
    "pct1ResTime" : 502.70000000000005,
    "pct2ResTime" : 516.0,
    "pct3ResTime" : 614.7699999999995,
    "throughput" : 1.1187559433909493,
    "receivedKBytesPerSec" : 0.2523756083235442,
    "sentKBytesPerSec" : 0.17262054595290038
  },
  "Configuration №2 HTTP Request" : {
    "transaction" : "Configuration №2 HTTP Request",
    "sampleCount" : 120,
    "errorCount" : 0,
    "errorPct" : 0.0,
    "meanResTime" : 573.1499999999997,
    "medianResTime" : 559.5,
    "minResTime" : 519.0,
    "maxResTime" : 730.0,
    "pct1ResTime" : 645.9000000000001,
    "pct2ResTime" : 677.3499999999999,
    "pct3ResTime" : 726.2199999999998,
    "throughput" : 1.1166738009715063,
    "receivedKBytesPerSec" : 0.2519059062738456,
    "sentKBytesPerSec" : 0.17229927788427538
  }
}