Label,# Samples,Average,Median,90% Line,95% Line,99% Line,Min,Max,Error %,Throughput,Received KB/sec,Sent KB/sec
Configuration №3 HTTP Request,120,377,356,450,478,545,314,628,0.000%,1.11811,0.25,0.17
Configuration №2 HTTP Request,120,544,545,557,559,567,517,628,0.000%,1.11602,0.25,0.17
Configuration №1 HTTP Request,120,744,745,757,761,768,715,785,0.000%,1.11390,0.25,0.17
TOTAL,360,555,546,751,756,764,314,785,0.000%,3.34169,0.75,0.52
