{
  "Total" : {
    "transaction" : "Total",
    "sampleCount" : 250,
    "errorCount" : 6,
    "errorPct" : 2.4,
    "meanResTime" : 2519.9839999999995,
    "medianResTime" : 3102.0,
    "minResTime" : 608.0,
    "maxResTime" : 3862.0,
    "pct1ResTime" : 3671.8,
    "pct2ResTime" : 3773.9,
    "pct3ResTime" : 3849.94,
    "throughput" : 45.33091568449683,
    "receivedKBytesPerSec" : 10.228141999093383,
    "sentKBytesPerSec" : 6.994418631006346
  },
  "Configuration №2 HTTP Request" : {
    "transaction" : "Configuration №2 HTTP Request",
    "sampleCount" : 250,
    "errorCount" : 6,
    "errorPct" : 2.4,
    "meanResTime" : 2519.9839999999995,
    "medianResTime" : 3102.0,
    "minResTime" : 608.0,
    "maxResTime" : 3862.0,
    "pct1ResTime" : 3671.8,
    "pct2ResTime" : 3773.9,
    "pct3ResTime" : 3849.94,
    "throughput" : 45.33091568449683,
    "receivedKBytesPerSec" : 10.228141999093383,
    "sentKBytesPerSec" : 6.994418631006346
  }
}